race_id,原名,中文名,英文名,当前显示名,原名语言,等级,赛事类别,地区,场地,赛场,距离,月份,半月,年龄条件,性别限定,原名来源,中文来源,核对备注
himawari-sho,ひまわり賞,向日葵赏,Himawari Sho,ひまわり賞,日语,OP,op,日本,草地,小仓,1200,8,2,2岁,,现有数据：日文原名,自译待核对,
ivy-stakes,アイビーS,常春藤锦标,Ivy Stakes,アイビーS,日语,L,op,日本,草地,东京,1800,10,2,2岁,,现有数据：日文原名,自译待核对,
hagi-stakes,萩S,萩锦标,Hagi Stakes,萩S,日语,L,op,日本,草地,京都,1800,10,2,2岁,,现有数据：日文原名,自动规范化待核对,
cattleya-stakes,カトレアS,卡特兰锦标,Cattleya Stakes,カトレアS,日语,OP,op,日本,泥地,东京,1600,11,2,2岁,,现有数据：日文原名,自译待核对,
junior-cup,ジュニアC,少年杯,Junior Cup,ジュニアC,日语,L,op,日本,草地,中山,1600,1,1,3岁,,现有数据：日文原名,自译待核对,
kobai-stakes,紅梅S,红梅锦标,Kobai Stakes,紅梅S,日语,L,op,日本,草地,京都,1400,1,2,3岁,牝马,现有数据：日文原名,自动规范化待核对,
wakagoma-stakes,若駒S,若驹锦标,Wakagoma Stakes,若駒S,日语,L,op,日本,草地,京都,2000,1,2,3岁,,现有数据：日文原名,自动规范化待核对,
crocuss-stakes,クロッカスS,番红花锦标,Crocuss Stakes,クロッカスS,日语,L,op,日本,草地,东京,1400,1,2,3岁,,现有数据：日文原名,自译待核对,
elfin-stakes,エルフィンS,妖精锦标,Elfin Stakes,エルフィンS,日语,L,op,日本,草地,京都,1600,2,1,3岁,牝马,现有数据：日文原名,自译待核对,
hyacinth-stakes,ヒヤシンスS,风信子锦标,Hyacinth Stakes,ヒヤシンスS,日语,L,op,日本,泥地,东京,1600,2,2,3岁,,现有数据：日文原名,自译待核对,
sumire-stakes,すみれS,紫罗兰锦标,Sumire Stakes,すみれS,日语,L,op,日本,草地,阪神,2200,2,2,3岁,,现有数据：日文原名,自译待核对,
marguerite-stakes,マーガレットS,雏菊锦标,Marguerite Stakes,マーガレットS,日语,L,op,日本,草地,阪神,1200,2,2,3岁,,现有数据：日文原名,自译待核对,
anemone-stakes,アネモネS,银莲花锦标,Anemone Stakes,アネモネS,日语,L,op,日本,草地,中山,1600,3,1,3岁,牝马,现有数据：日文原名,自译待核对,
wakaba-stakes,若葉S,若叶锦标,Wakaba Stakes,若葉S,日语,L,op,日本,草地,阪神,2000,3,2,3岁,,现有数据：日文原名,自动规范化待核对,
fukuryu-stakes,伏竜S,伏龙锦标,Fukuryu Stakes,伏竜S,日语,OP,op,日本,泥地,中山,1800,3,2,3岁,,现有数据：日文原名,自动规范化待核对,
shoryu-stakes,昇竜S,昇龙锦标,Shoryu Stakes,昇竜S,日语,OP,op,日本,泥地,中京,1400,3,2,3岁,,现有数据：日文原名,自动规范化待核对,
wasurenagusa-sho,忘れな草賞,勿忘草赏,Wasurenagusa Sho,忘れな草賞,日语,L,op,日本,草地,阪神,2000,4,1,3岁,牝马,现有数据：日文原名,自译待核对,
violet-stakes,バイオレットS,紫罗兰锦标,Violet Stakes,バイオレットS,日语,OP,op,日本,泥地,阪神,1400,4,2,3岁,,现有数据：日文原名,自译待核对,
principal-stakes,プリンシパルS,首席锦标,Principal Stakes,プリンシパルS,日语,L,op,日本,草地,东京,2000,5,1,3岁,,现有数据：日文原名,自译待核对,
tachibana-stakes,橘S,橘锦标,Tachibana Stakes,橘S,日语,L,op,日本,草地,京都,1400,5,1,3岁,,现有数据：日文原名,自动规范化待核对,
hosu-stakes,鳳雛S,鳳雛锦标,Hosu Stakes,鳳雛S,日语,L,op,日本,泥地,京都,1800,5,2,3岁,,现有数据：日文原名,自动规范化待核对,
shirayuri-stakes,白百合S,白百合锦标,Shirayuri Stakes,白百合S,日语,L,op,日本,草地,京都,1800,5,2,3岁,,现有数据：日文原名,自动规范化待核对,
seiryu-stakes,青竜S,青龙锦标,Seiryu Stakes,青竜S,日语,OP,op,日本,泥地,东京,1600,5,2,3岁,,现有数据：日文原名,自动规范化待核对,
paradise-stakes,パラダイスS,天堂锦标,Paradise Stakes,パラダイスS,日语,L,op,日本,草地,东京,1400,6,2,3岁以上,,现有数据：日文原名,自译待核对,
sannomiya-stakes,三宮S,三宮锦标,Sannomiya Stakes,三宮S,日语,OP,op,日本,泥地,阪神,1800,6,2,3岁以上,,现有数据：日文原名,自动规范化待核对,
sleipnir-stakes,スレイプニルS,斯莱普尼尔锦标,Sleipnir Stakes,スレイプニルS,日语,OP,op,日本,泥地,东京,2100,6,2,3岁以上,,现有数据：日文原名,自译待核对,
sapporo-nikkei-open,札幌日経OP,札幌日経公开赛,Sapporo Nikkei Open,札幌日経OP,日语,L,op,日本,草地,札幌,2600,7,2,3岁以上,,现有数据：日文原名,自动规范化待核对,
port-island-stakes,ポートアイランドS,港岛锦标,Port Island Stakes,ポートアイランドS,日语,L,op,日本,草地,阪神,1600,10,1,3岁以上,,现有数据：日文原名,自译待核对,
opal-stakes,オパールS,蛋白石锦标,Opal Stakes,オパールS,日语,L,op,日本,草地,京都,1200,10,1,3岁以上,,现有数据：日文原名,自译待核对,
green-channel-cup,グリーンチャンネルC,绿色频道杯,Green Channel Cup,グリーンチャンネルC,日语,L,op,日本,泥地,东京,1400,10,1,3岁以上,,现有数据：日文原名,自译待核对,
october-stakes,オクトーバーS,十月锦标,October Stakes,オクトーバーS,日语,L,op,日本,草地,东京,2000,10,2,3岁以上,,现有数据：日文原名,自译待核对,
shinetsu-stakes,信越S,信越锦标,Shinetsu Stakes,信越S,日语,L,op,日本,草地,新潟,1400,10,2,3岁以上,,现有数据：日文原名,自动规范化待核对,
lumiere-autumn-dash,ルミエールAD,光明秋季短途赛,Lumiere Autumn Dash,ルミエールAD,日语,L,op,日本,草地,新潟,1000,10,2,3岁以上,,现有数据：日文原名,自译待核对,
brazil-cup,ブラジルC,巴西杯,Brazil Cup,ブラジルC,日语,L,op,日本,泥地,东京,2100,10,2,3岁以上,,现有数据：日文原名,自译待核对,
capital-stakes,キャピタルS,首都锦标,Capital Stakes,キャピタルS,日语,L,op,日本,草地,东京,1600,11,2,3岁以上,,现有数据：日文原名,自译待核对,
december-stakes,ディセンバーS,十二月锦标,December Stakes,ディセンバーS,日语,L,op,日本,草地,中山,1800,12,2,3岁以上,,现有数据：日文原名,自译待核对,
new-year-stakes,ニューイヤーS,新年锦标,New Year Stakes,ニューイヤーS,日语,L,op,日本,草地,中山,1600,1,1,4岁以上,,现有数据：日文原名,自译待核对,
yodo-tankyori-stakes,淀短距離S,淀短距离锦标,Yodo Tankyori Stakes,淀短距離S,日语,L,op,日本,草地,京都,1200,1,1,4岁以上,,现有数据：日文原名,自动规范化待核对,
subaru-stakes,すばるS,昴星锦标,Subaru Stakes,すばるS,日语,L,op,日本,泥地,京都,1400,1,1,4岁以上,,现有数据：日文原名,自译待核对,
shirafuji-stakes,白富士S,白富士锦标,Shirafuji Stakes,白富士S,日语,L,op,日本,草地,东京,2000,1,2,4岁以上,,现有数据：日文原名,自动规范化待核对,
manyo-stakes,万葉S,万叶锦标,Manyo Stakes,万葉S,日语,OP,op,日本,草地,京都,3000,1,1,4岁以上,,现有数据：日文原名,自动规范化待核对,
january-stakes,ジャニュアリーS,一月锦标,January Stakes,ジャニュアリーS,日语,OP,op,日本,泥地,中山,1200,1,1,4岁以上,,现有数据：日文原名,自译待核对,
rakuyo-stakes,洛陽S,洛陽锦标,Rakuyo Stakes,洛陽S,日语,L,op,日本,草地,京都,1600,2,1,4岁以上,,现有数据：日文原名,自动规范化待核对,
nigawa-stakes,仁川S,仁川锦标,Nigawa Stakes,仁川S,日语,L,op,日本,泥地,阪神,2000,2,2,4岁以上,,现有数据：日文原名,自动规范化待核对,
aldebaran-stakes,アルデバランS,毕宿五锦标,Aldebaran Stakes,アルデバランS,日语,OP,op,日本,泥地,京都,1900,2,1,4岁以上,,现有数据：日文原名,自译待核对,
osaka-jo-stakes,大阪城S,大阪城锦标,Osaka Jo Stakes,大阪城S,日语,L,op,日本,草地,阪神,1800,3,1,4岁以上,,现有数据：日文原名,自动规范化待核对,
coral-stakes,コーラルS,珊瑚锦标,Coral Stakes,コーラルS,日语,L,op,日本,泥地,阪神,1400,3,2,4岁以上,,现有数据：日文原名,自译待核对,
rokko-stakes,六甲S,六甲锦标,Rokko Stakes,六甲S,日语,L,op,日本,草地,阪神,1600,3,2,4岁以上,,现有数据：日文原名,自动规范化待核对,
shunrai-stakes,春雷S,春雷锦标,Shunrai Stakes,春雷S,日语,L,op,日本,草地,中山,1200,4,1,4岁以上,,现有数据：日文原名,自动规范化待核对,
fukushima-minpo-cup,福島民報杯,福島民報杯,Fukushima Minpo Cup,福島民報杯,日语,L,op,日本,草地,福岛,2000,4,1,4岁以上,,现有数据：日文原名,现有中文,
keiyo-stakes,京葉S,京叶锦标,Keiyo Stakes,京葉S,日语,L,op,日本,泥地,中山,1200,4,1,4岁以上,,现有数据：日文原名,自动规范化待核对,
oasis-stakes,オアシスS,绿洲锦标,Oasis Stakes,オアシスS,日语,L,op,日本,泥地,东京,1600,4,2,4岁以上,,现有数据：日文原名,自译待核对,
brilliant-stakes,ブリリアントS,辉煌锦标,Brilliant Stakes,ブリリアントS,日语,L,op,日本,泥地,东京,2100,5,1,4岁以上,,现有数据：日文原名,自译待核对,
metropolitan-stakes,メトロポリタンS,大都会锦标,Metropolitan Stakes,メトロポリタンS,日语,L,op,日本,草地,东京,2400,5,1,4岁以上,,现有数据：日文原名,自译待核对,
ritto-stakes,栗東S,栗東锦标,Ritto Stakes,栗東S,日语,L,op,日本,泥地,京都,1400,5,1,4岁以上,,现有数据：日文原名,自动规范化待核对,
miyakooji-stakes,都大路S,都大路锦标,Miyakooji Stakes,都大路S,日语,L,op,日本,草地,京都,1800,5,1,4岁以上,,现有数据：日文原名,自动规范化待核对,
nikkei-shinshun-hai,日経新春杯,日经新春杯,Nikkei Shinshun Hai,日经新春杯,日语,G2,g2,日本,草地,京都,2400,1,2,4岁以上,,资料补充：日本赛事原名,现有中文,
american-jockey-club-cup,アメリカジョッキークラブカップ,美国JCC,American Jockey Club Cup,美国JCC,日语,G2,g2,日本,草地,中山,2200,1,2,4岁以上,,资料补充：日本赛事原名,自动生成待核对,
procyon-stakes,プロキオンステークス,南河三锦标,Procyon Stakes,プロキオンS,日语,G2,g2,日本,泥地,中京,1800,1,2,4岁以上,,资料补充：日本赛事原名,自译待核对,
kyoto-kinen,京都記念,京都记念,Kyoto Kinen,京都记念,日语,G2,g2,日本,草地,京都,2200,2,1,4岁以上,,资料补充：日本赛事原名,现有中文,
nakayama-kinen,中山記念,中山记念,Nakayama Kinen,中山记念,日语,G2,g2,日本,草地,中山,1800,2,2,4岁以上,,资料补充：日本赛事原名,现有中文,
tulip-sho,チューリップ賞,郁金香赏,Tulip Sho,郁金香赏,日语,G2,g2,日本,草地,阪神,1600,3,1,3岁,牝马,资料补充：日本赛事原名,现有中文,
yayoi-sho,弥生賞,弥生赏,Yayoi Sho,弥生赏,日语,G2,g2,日本,草地,中山,2000,3,1,3岁,,资料补充：日本赛事原名,现有中文,
fillies-revue,フィリーズレビュー,报知杯雌马赛,Fillies Revue,报知杯雌马赛,日语,G2,g2,日本,草地,阪神,1400,3,1,3岁,牝马,资料补充：日本赛事原名,现有中文,
kinko-sho,金鯱賞,金鯱赏,Kinko Sho,金鯱赏,日语,G2,g2,日本,草地,中京,2000,3,1,4岁以上,,资料补充：日本赛事原名,现有中文,
spring-stakes,スプリングステークス,春季锦标,Spring Stakes,春季锦标,日语,G2,g2,日本,草地,中山,1800,3,2,3岁,,资料补充：日本赛事原名,现有中文,
hanshin-daishoten,阪神大賞典,阪神大赏典,Hanshin Daishoten,阪神大赏典,日语,G2,g2,日本,草地,阪神,3000,3,2,4岁以上,,资料补充：日本赛事原名,现有中文,
nikkei-sho,日経賞,日经赏,Nikkei Sho,日经赏,日语,G2,g2,日本,草地,中山,2500,3,2,4岁以上,,资料补充：日本赛事原名,现有中文,
new-zealand-trophy,ニュージーランドトロフィー,新西兰锦标,New Zealand Trophy,新西兰T,日语,G2,g2,日本,草地,中山,1600,4,1,3岁,,资料补充：日本赛事原名,自动规范化待核对,
hanshin-himba-stakes,阪神牝馬ステークス,阪神牝马锦标,Hanshin Himba Stakes,阪神牝马S,日语,G2,g2,日本,草地,阪神,1600,4,1,4岁以上,牝马,资料补充：日本赛事原名,自动规范化待核对,
flora-stakes,フローラステークス,花仙子锦标,Flora Stakes,花仙子S,日语,G2,g2,日本,草地,东京,2000,4,2,3岁,牝马,资料补充：日本赛事原名,自动规范化待核对,
yomiuri-milers-cup,読売マイラーズカップ,读卖杯,Yomiuri Milers Cup,读卖杯,日语,G2,g2,日本,草地,京都,1600,4,2,4岁以上,,资料补充：日本赛事原名,现有中文,
aoba-sho,青葉賞,青叶赏,Aoba Sho,青叶赏,日语,G2,g2,日本,草地,东京,2400,4,2,3岁,,资料补充：日本赛事原名,现有中文,
kyoto-shimbun-hai,京都新聞杯,京都新闻杯,Kyoto Shimbun Hai,京都新闻杯,日语,G2,g2,日本,草地,京都,2200,5,1,3岁,,资料补充：日本赛事原名,现有中文,
keio-hai-spring-cup,京王杯スプリングカップ,京王杯春季杯,Keio Hai Spring Cup,京王杯春季C,日语,G2,g2,日本,草地,东京,1400,5,1,4岁以上,,资料补充：日本赛事原名,自动规范化待核对,
meguro-kinen,目黒記念,目黑记念,Meguro Kinen,目黑记念,日语,G2,g2,日本,草地,东京,2500,5,2,4岁以上,,资料补充：日本赛事原名,现有中文,
sapporo-kinen,札幌記念,札幌记念,Sapporo Kinen,札幌记念,日语,G2,g2,日本,草地,札幌,2000,8,2,3岁以上,,资料补充：日本赛事原名,现有中文,
shion-stakes,紫苑ステークス,紫苑锦标,Shion Stakes,紫苑S,日语,G2,g2,日本,草地,中山,2000,9,1,3岁,牝马,资料补充：日本赛事原名,自动规范化待核对,
centaur-stakes,セントウルステークス,人马锦标,Centaur Stakes,人马S,日语,G2,g2,日本,草地,阪神,1200,9,1,3岁以上,,资料补充：日本赛事原名,自动规范化待核对,
rose-stakes,ローズステークス,玫瑰锦标,Rose Stakes,玫瑰S,日语,G2,g2,日本,草地,阪神,1800,9,2,3岁,牝马,资料补充：日本赛事原名,自动规范化待核对,
st-lite-kinen,セントライト記念,圣烈特记念,St Lite Kinen,圣烈特记念,日语,G2,g2,日本,草地,中山,2200,9,2,3岁,,资料补充：日本赛事原名,现有中文,
sankei-sho-all-comers,産経賞オールカマー,产经赏全来者锦标,Sankei Sho All Comers,产经赏All Comers,日语,G2,g2,日本,草地,中山,2200,9,2,3岁以上,,资料补充：日本赛事原名,自译待核对,
kobe-shimbun-hai,神戸新聞杯,神户新闻杯,Kobe Shimbun Hai,神户新闻杯,日语,G2,g2,日本,草地,阪神,2400,9,2,3岁,,资料补充：日本赛事原名,现有中文,
mainichi-okan,毎日王冠,每日王冠,Mainichi Okan,每日王冠,日语,G2,g2,日本,草地,东京,1800,10,1,3岁以上,,资料补充：日本赛事原名,现有中文,
kyoto-daishoten,京都大賞典,京都大赏典,Kyoto Daishoten,京都大赏典,日语,G2,g2,日本,草地,京都,2400,10,1,3岁以上,,资料补充：日本赛事原名,现有中文,
ireland-trophy,アイルランドトロフィー,爱尔兰锦标,Ireland Trophy,爱尔兰T,日语,G2,g2,日本,草地,东京,1800,10,1,3岁以上,牝马,资料补充：日本赛事原名,自动规范化待核对,
fuji-stakes,富士ステークス,富士锦标,Fuji Stakes,富士S,日语,G2,g2,日本,草地,东京,1600,10,2,3岁以上,,资料补充：日本赛事原名,自动规范化待核对,
swan-stakes,スワンステークス,天鹅锦标,Swan Stakes,天鹅S,日语,G2,g2,日本,草地,京都,1400,10,2,3岁以上,,资料补充：日本赛事原名,自动规范化待核对,
keio-hai-nisai-stakes,京王杯2歳ステークス,京王杯2岁锦标,Keio Hai Nisai Stakes,京王杯2岁S,日语,G2,g2,日本,草地,东京,1400,11,1,2岁,,资料补充：日本赛事原名,自动规范化待核对,
copa-republica-argentina,アルゼンチン共和国杯,阿根廷共和国杯,Copa Republica Argentina,阿根廷共和国杯,日语,G2,g2,日本,草地,东京,2500,11,1,3岁以上,,资料补充：日本赛事原名,现有中文,
daily-hai-nisai-stakes,デイリー杯2歳ステークス,每日杯2岁锦标,Daily Hai Nisai Stakes,每日杯2岁S,日语,G2,g2,日本,草地,京都,1600,11,1,2岁,,资料补充：日本赛事原名,自动规范化待核对,
tokyo-sports-hai,東京スポーツ杯2歳ステークス,东京体育杯两岁锦标,Tokyo Sports Hai,东京体育杯两岁S,日语,G2,g2,日本,草地,东京,1800,11,2,2岁,,资料补充：日本赛事原名,自动规范化待核对,
stayers-stakes,ステイヤーズステークス,长途马锦标,Stayers Stakes,长途马S,日语,G2,g2,日本,草地,中山,3600,12,1,3岁以上,,资料补充：日本赛事原名,自动规范化待核对,
hanshin-cup,阪神カップ,阪神杯,Hanshin Cup,阪神C,日语,G2,g2,日本,草地,阪神,1400,12,2,3岁以上,,资料补充：日本赛事原名,自动规范化待核对,
nakayama-kimpai,中山金杯,中山金杯,Nakayama Kimpai,中山金杯,日语,G3,g3,日本,草地,中山,2000,1,1,4岁以上,,资料补充：日本赛事原名,现有中文,
kyoto-kimpai,京都金杯,京都金杯,Kyoto Kimpai,京都金杯,日语,G3,g3,日本,草地,京都,1600,1,1,4岁以上,,资料补充：日本赛事原名,现有中文,
fairy-stakes,フェアリーステークス,妖精锦标,Fairy S,Fairy S,日语,G3,g3,日本,草地,中山,1600,1,1,3岁,牝马,资料补充：日本赛事原名,自译待核对,
shinzan-kinen,シンザン記念,新山记念,Shinzan Kinen,新山记念,日语,G3,g3,日本,草地,京都,1600,1,1,3岁,,资料补充：日本赛事原名,现有中文,
keisei-hai,京成杯,京成杯,Keisei Hai,京成杯,日语,G3,g3,日本,草地,中山,2000,1,2,3岁,,资料补充：日本赛事原名,现有中文,
kokura-himba-stakes,小倉牝馬ステークス,小仓牝马锦标,Kokura Himba Stakes,小仓牝马S,日语,G3,g3,日本,草地,小仓,2000,1,2,4岁以上,牝马,资料补充：日本赛事原名,自动规范化待核对,
negishi-stakes,根岸ステークス,根岸锦标,Negishi Stakes,根岸S,日语,G3,g3,日本,泥地,东京,1400,2,1,4岁以上,,资料补充：日本赛事原名,自动规范化待核对,
silk-road-stakes,シルクロードステークス,丝路锦标,Silk Road Stakes,丝路S,日语,G3,g3,日本,草地,京都,1200,2,1,4岁以上,,资料补充：日本赛事原名,自动规范化待核对,
tokyo-shimbun-hai,東京新聞杯,东京新闻杯,Tokyo Shimbun Hai,东京新闻杯,日语,G3,g3,日本,草地,东京,1600,2,1,4岁以上,,资料补充：日本赛事原名,现有中文,
kisaragi-sho,きさらぎ賞,如月赏,Kisaragi Sho,如月赏,日语,G3,g3,日本,草地,京都,1800,2,1,3岁,,资料补充：日本赛事原名,现有中文,
queen-cup,クイーンカップ,皇后杯,Queen Cup,皇后杯,日语,G3,g3,日本,草地,东京,1600,2,1,3岁,牝马,资料补充：日本赛事原名,现有中文,
tokinominoru-kinen,共同通信杯,共同通信杯,Tokinominoru Kinen,共同通信杯,日语,G3,g3,日本,草地,东京,1800,2,1,3岁,,资料补充：日本赛事原名,现有中文,
diamond-stakes,ダイヤモンドステークス,钻石锦标,Diamond Stakes,钻石S,日语,G3,g3,日本,草地,东京,3400,2,2,4岁以上,,资料补充：日本赛事原名,自动规范化待核对,
kokura-daishoten,小倉大賞典,小仓大赏典,Kokura Daishoten,小仓大赏典,日语,G3,g3,日本,草地,小仓,1800,2,2,4岁以上,,资料补充：日本赛事原名,现有中文,
hankyu-hai,阪急杯,阪急杯,Hankyu Hai,阪急杯,日语,G3,g3,日本,草地,阪神,1400,2,2,4岁以上,,资料补充：日本赛事原名,现有中文,
aichi-hai,愛知杯,爱知杯,Aichi Hai,爱知杯,日语,G3,g3,日本,草地,中京,1400,3,2,4岁以上,牝马,资料补充：日本赛事原名,现有中文,
ocean-stakes,オーシャンステークス,海洋锦标,Ocean Stakes,海洋S,日语,G3,g3,日本,草地,中山,1200,3,1,4岁以上,,资料补充：日本赛事原名,自动规范化待核对,
nakayama-himba-stakes,中山牝馬ステークス,中山牝马锦标,Nakayama Himba Stakes,中山牝马S,日语,G3,g3,日本,草地,中山,1800,3,1,4岁以上,牝马,资料补充：日本赛事原名,自动规范化待核对,
flower-cup,フラワーカップ,花杯,Flower Cup,花杯,日语,G3,g3,日本,草地,中山,1800,3,2,3岁,牝马,资料补充：日本赛事原名,现有中文,
falcon-stakes,ファルコンステークス,猎鹰锦标,Falcon S,Falcon S,日语,G3,g3,日本,草地,中京,1400,3,2,3岁,,资料补充：日本赛事原名,自译待核对,
mainichi-hai,毎日杯,每日杯,Mainichi Hai,每日杯,日语,G3,g3,日本,草地,阪神,1800,3,2,3岁,,资料补充：日本赛事原名,现有中文,
march-stakes,マーチステークス,三月锦标,March S,March S,日语,G3,g3,日本,泥地,中山,1800,3,2,4岁以上,,资料补充：日本赛事原名,自译待核对,
lord-derby-challenge-trophy,ダービー卿チャレンジトロフィー,达比勋爵挑战杯,Lord Derby Challenge Trophy,达比勋爵CT,日语,G3,g3,日本,草地,中山,1600,4,1,4岁以上,,资料补充：日本赛事原名,自动规范化待核对,
churchill-downs-cup,チャーチルダウンズカップ,丘吉尔园杯,Churchill Downs C,Churchill Downs C,日语,G3,g3,日本,草地,阪神,1600,4,1,3岁,,资料补充：日本赛事原名,自译待核对,
antares-stakes,アンタレスステークス,心宿二锦标,Antares S,Antares S,日语,G3,g3,日本,泥地,阪神,1800,4,2,4岁以上,,资料补充：日本赛事原名,自译待核对,
fukushima-himba-stakes,福島牝馬ステークス,福岛牝马锦标,Fukushima Himba Stakes,福岛牝马S,日语,G3,g3,日本,草地,福岛,1800,4,2,4岁以上,牝马,资料补充：日本赛事原名,自动规范化待核对,
niigata-daishoten,新潟大賞典,新潟大赏典,Niigata Daishoten,新潟大赏典,日语,G3,g3,日本,草地,新潟,2000,5,1,4岁以上,,资料补充：日本赛事原名,现有中文,
unicorn-stakes,ユニコーンステークス,独角兽锦标,Unicorn S,Unicorn S,日语,G3,g3,日本,泥地,京都,1900,4,2,3岁,,资料补充：日本赛事原名,自译待核对,
heian-stakes,平安ステークス,平安锦标,Heian Stakes,平安S,日语,G3,g3,日本,泥地,京都,1900,5,2,4岁以上,,资料补充：日本赛事原名,自动规范化待核对,
aoi-stakes,葵ステークス,葵锦标,Aoi Stakes,葵S,日语,G3,g3,日本,草地,京都,1200,5,2,3岁,,资料补充：日本赛事原名,自动规范化待核对,
epsom-cup,エプソムカップ,叶森杯,Epsom C,Epsom C,日语,G3,g3,日本,草地,东京,1800,6,1,3岁以上,,资料补充：日本赛事原名,自译待核对,
fuchu-himba-stakes,府中牝馬ステークス,府中牝马锦标,Fuchu Himba Stakes,府中牝马S,日语,G3,g3,日本,草地,东京,1800,6,2,3岁以上,牝马,资料补充：日本赛事原名,自动规范化待核对,
hakodate-sprint-stakes,函館スプリントステークス,函馆短途锦标,Hakodate Sprint Stakes,函馆短途S,日语,G3,g3,日本,草地,函馆,1200,6,1,3岁以上,,资料补充：日本赛事原名,自动规范化待核对,
radio-nikkei-sho,ラジオNIKKEI賞,日经电台赏,Radio NIKKEI Sho,Radio NIKKEI赏,日语,G3,g3,日本,草地,福岛,1800,6,2,3岁,,资料补充：日本赛事原名,自译待核对,
kitakyushu-kinen,北九州記念,北九州记念,Kitakyushu Kinen,北九州记念,日语,G3,g3,日本,草地,小仓,1200,8,2,3岁以上,,资料补充：日本赛事原名,现有中文,
shirasagi-stakes,しらさぎステークス,白鹭锦标,Shirasagi Stakes,しらさぎS,日语,G3,g3,日本,草地,阪神,1600,6,2,3岁以上,,资料补充：日本赛事原名,自译待核对,
tanabata-sho,七夕賞,七夕赏,Tanabata Sho,七夕赏,日语,G3,g3,日本,草地,福岛,2000,7,1,3岁以上,,资料补充：日本赛事原名,现有中文,
tokai-stakes,東海ステークス,东海锦标,Tokai Stakes,东海S,日语,G3,g3,日本,泥地,中京,1400,7,2,3岁以上,,资料补充：日本赛事原名,自动规范化待核对,
hakodate-kinen,函館記念,函馆记念,Hakodate Kinen,函馆记念,日语,G3,g3,日本,草地,函馆,2000,7,2,3岁以上,,资料补充：日本赛事原名,现有中文,
chukyo-kinen,中京記念,中京记念,Chukyo Kinen,中京记念,日语,G3,g3,日本,草地,中京,1600,7,2,3岁以上,,资料补充：日本赛事原名,现有中文,
hakodate-nisai-stakes,函館2歳ステークス,函馆2岁锦标,Hakodate Nisai Stakes,函馆2岁S,日语,G3,g3,日本,草地,函馆,1200,7,2,2岁,,资料补充：日本赛事原名,自动规范化待核对,
ibis-summer-dash,アイビスサマーダッシュ,朱鹮夏季短途赛,Ibis Summer Dash,Ibis Summer Dash,日语,G3,g3,日本,草地,新潟,1000,7,2,3岁以上,,资料补充：日本赛事原名,自译待核对,
queen-stakes,クイーンステークス,皇后锦标,Queen Stakes,皇后S,日语,G3,g3,日本,草地,札幌,1800,7,2,3岁以上,牝马,资料补充：日本赛事原名,自动规范化待核对,
leopard-stakes,レパードステークス,豹锦标,Leopard S,Leopard S,日语,G3,g3,日本,泥地,新潟,1800,8,1,3岁,,资料补充：日本赛事原名,自译待核对,
kokura-kinen,小倉記念,小仓记念,Kokura Kinen,小仓记念,日语,G3,g3,日本,草地,小仓,2000,8,1,3岁以上,,资料补充：日本赛事原名,现有中文,
sekiya-kinen,関屋記念,关屋记念,Sekiya Kinen,关屋记念,日语,G3,g3,日本,草地,新潟,1600,8,1,3岁以上,,资料补充：日本赛事原名,现有中文,
cbc-sho,CBC賞,CBC赏,CBC Sho,CBC赏,日语,G3,g3,日本,草地,中京,1200,8,1,3岁以上,,资料补充：日本赛事原名,自动生成待核对,
elm-stakes,エルムステークス,榆树锦标,Elm S,Elm S,日语,G3,g3,日本,泥地,札幌,1700,8,1,3岁以上,,资料补充：日本赛事原名,自译待核对,
niigata-nisai-stakes,新潟2歳ステークス,新潟2岁锦标,Niigata Nisai Stakes,新潟2岁S,日语,G3,g3,日本,草地,新潟,1600,8,2,2岁,,资料补充：日本赛事原名,自动规范化待核对,
keeneland-cup,キーンランドカップ,肯尼兰杯,Keeneland C,Keeneland C,日语,G3,g3,日本,草地,札幌,1200,8,2,3岁以上,,资料补充：日本赛事原名,自译待核对,
sapporo-nisai-stakes,札幌2歳ステークス,札幌2岁锦标,Sapporo Nisai Stakes,札幌2岁S,日语,G3,g3,日本,草地,札幌,1800,9,1,2岁,,资料补充：日本赛事原名,自动规范化待核对,
chukyo-nisai-stakes,中京2歳ステークス,中京2岁锦标,Chukyo Nisai Stakes,中京2岁S,日语,G3,g3,日本,草地,中京,1400,8,2,2岁,,资料补充：日本赛事原名,自动规范化待核对,
niigata-kinen,新潟記念,新潟记念,Niigata Kinen,新潟记念,日语,G3,g3,日本,草地,新潟,2000,9,1,3岁以上,,资料补充：日本赛事原名,现有中文,
keisei-hai-autumn-handicap,京成杯オータムハンデキャップ,京成杯秋季让赛,Keisei Hai Autumn Handicap,京成杯AH,日语,G3,g3,日本,草地,中山,1600,9,1,3岁以上,,资料补充：日本赛事原名,自动规范化待核对,
challenge-cup,チャレンジカップ,挑战杯,Challenge C,Challenge C,日语,G3,g3,日本,草地,阪神,2000,9,2,3岁以上,,资料补充：日本赛事原名,自译待核对,
sirius-stakes,シリウスステークス,天狼星锦标,Sirius S,Sirius S,日语,G3,g3,日本,泥地,阪神,2000,9,2,3岁以上,,资料补充：日本赛事原名,自译待核对,
saudi-arabia-royal-cup,サウジアラビアロイヤルカップ,沙特阿拉伯皇家杯,Saudi Arabia RC,Saudi Arabia RC,日语,G3,g3,日本,草地,东京,1600,10,1,2岁,,资料补充：日本赛事原名,自译待核对,
artemis-stakes,アルテミスステークス,阿尔忒弥斯锦标,Artemis S,Artemis S,日语,G3,g3,日本,草地,东京,1600,10,2,2岁,牝马,资料补充：日本赛事原名,自译待核对,
fantasy-stakes,ファンタジーステークス,梦幻锦标,Fantasy S,Fantasy S,日语,G3,g3,日本,草地,京都,1400,11,1,2岁,牝马,资料补充：日本赛事原名,自译待核对,
miyako-stakes,みやこステークス,都锦标,Miyako S,Miyako S,日语,G3,g3,日本,泥地,京都,1800,11,1,3岁以上,,资料补充：日本赛事原名,自译待核对,
musashino-stakes,武蔵野ステークス,武藏野锦标,Musashino Stakes,武藏野S,日语,G3,g3,日本,泥地,东京,1600,11,1,3岁以上,,资料补充：日本赛事原名,自动规范化待核对,
fukushima-kinen,福島記念,福岛记念,Fukushima Kinen,福岛记念,日语,G3,g3,日本,草地,福岛,2000,11,1,3岁以上,,资料补充：日本赛事原名,现有中文,
kyoto-nisai-stakes,京都2歳ステークス,京都2岁锦标,Kyoto Nisai Stakes,京都2岁S,日语,G3,g3,日本,草地,京都,2000,11,2,2岁,,资料补充：日本赛事原名,自动规范化待核对,
keihan-hai,京阪杯,京阪杯,Keihan Hai,京阪杯,日语,G3,g3,日本,草地,京都,1200,11,2,3岁以上,,资料补充：日本赛事原名,现有中文,
naruo-kinen,鳴尾記念,鸣尾记念,Naruo Kinen,鸣尾记念,日语,G3,g3,日本,草地,阪神,1800,12,1,3岁以上,,资料补充：日本赛事原名,现有中文,
chunichi-shimbun-hai,中日新聞杯,中日新闻杯,Chunichi Shimbun Hai,中日新闻杯,日语,G3,g3,日本,草地,中京,2000,12,1,3岁以上,,资料补充：日本赛事原名,现有中文,
capella-stakes,カペラステークス,五车二锦标,Capella S,Capella S,日语,G3,g3,日本,泥地,中山,1200,12,1,3岁以上,,资料补充：日本赛事原名,自译待核对,
turquoise-stakes,ターコイズステークス,绿松石锦标,Turquoise S,Turquoise S,日语,G3,g3,日本,草地,中山,1600,12,2,3岁以上,牝马,资料补充：日本赛事原名,自译待核对,
february-stakes,フェブラリーステークス,二月锦标,February Stakes,二月锦标,日语,G1,g1,日本,泥地,东京,1600,2,2,4岁以上,,资料补充：日本赛事原名,现有中文,
takamatsunomiya-kinen,高松宮記念,高松宫纪念,Takamatsunomiya Kinen,高松宫纪念,日语,G1,g1,日本,草地,中京,1200,3,2,4岁以上,,资料补充：日本赛事原名,现有中文,
osaka-hai,大阪杯,大阪杯,Osaka Hai,大阪杯,日语,G1,g1,日本,草地,阪神,2000,4,1,4岁以上,,资料补充：日本赛事原名,现有中文,
oka-sho,桜花賞,樱花赏,Oka Sho,樱花赏,日语,G1,g1,日本,草地,阪神,1600,4,1,3岁,牝马,资料补充：日本赛事原名,现有中文,
satsuki-sho,皐月賞,皋月赏,Satsuki Sho,皋月赏,日语,G1,g1,日本,草地,中山,2000,4,2,3岁,,资料补充：日本赛事原名,现有中文,
tenno-sho-haru,天皇賞（春）,天皇赏春,Tenno Sho (Spring),天皇赏春,日语,G1,g1,日本,草地,京都,3200,4,2,4岁以上,,资料补充：日本赛事原名,现有中文,
nhk-mile-cup,NHKマイルカップ,NHK一哩杯,NHK Mile Cup,NHK一哩杯,日语,G1,g1,日本,草地,东京,1600,5,1,3岁,,资料补充：日本赛事原名,自动生成待核对,
victoria-mile,ヴィクトリアマイル,维多利亚一哩赛,Victoria Mile,维多利亚一哩赛,日语,G1,g1,日本,草地,东京,1600,5,1,4岁以上,牝马,资料补充：日本赛事原名,现有中文,
yushun-himba,優駿牝馬,优骏牝马,Yushun Himba,优骏牝马,日语,G1,g1,日本,草地,东京,2400,5,2,3岁,牝马,资料补充：日本赛事原名,现有中文,
tokyo-yushun,東京優駿,日本德比,Tokyo Yushun,日本德比,日语,G1,g1,日本,草地,东京,2400,5,2,3岁,,资料补充：日本赛事原名,现有中文,
yasuda-kinen,安田記念,安田纪念,Yasuda Kinen,安田纪念,日语,G1,g1,日本,草地,东京,1600,6,1,3岁以上,,资料补充：日本赛事原名,现有中文,
takarazuka-kinen,宝塚記念,宝塚纪念,Takarazuka Kinen,宝塚纪念,日语,G1,g1,日本,草地,阪神,2200,6,2,3岁以上,,资料补充：日本赛事原名,现有中文,
sprinters-stakes,スプリンターズステークス,短途马锦标,Sprinters Stakes,短途马锦标,日语,G1,g1,日本,草地,中山,1200,9,2,3岁以上,,资料补充：日本赛事原名,现有中文,
shuka-sho,秋華賞,秋华赏,Shuka Sho,秋华赏,日语,G1,g1,日本,草地,京都,2000,10,2,3岁,牝马,资料补充：日本赛事原名,现有中文,
kikka-sho,菊花賞,菊花赏,Kikka Sho,菊花赏,日语,G1,g1,日本,草地,京都,3000,10,2,3岁,,资料补充：日本赛事原名,现有中文,
tenno-sho-aki,天皇賞（秋）,天皇赏秋,Tenno Sho (Autumn),天皇赏秋,日语,G1,g1,日本,草地,东京,2000,10,2,3岁以上,,资料补充：日本赛事原名,现有中文,
queen-elizabeth-ii-cup,エリザベス女王杯,女王伊丽莎白二世杯,Queen Elizabeth II Cup,女王伊丽莎白二世杯,日语,G1,g1,日本,草地,京都,2200,11,1,3岁以上,牝马,资料补充：日本赛事原名,现有中文,
mile-championship,マイルチャンピオンシップ,一哩冠军赛,Mile Championship,一哩冠军赛,日语,G1,g1,日本,草地,京都,1600,11,2,3岁以上,,资料补充：日本赛事原名,现有中文,
japan-cup,ジャパンカップ,日本杯,Japan Cup,日本杯,日语,G1,g1,日本,草地,东京,2400,11,2,3岁以上,,资料补充：日本赛事原名,现有中文,
champions-cup,チャンピオンズカップ,冠军杯,Champions Cup,冠军杯,日语,G1,g1,日本,泥地,中京,1800,12,1,3岁以上,,资料补充：日本赛事原名,现有中文,
hanshin-juvenile-fillies,阪神ジュベナイルフィリーズ,阪神两岁牝马锦标,Hanshin Juvenile Fillies,阪神两岁牝马S,日语,G1,g1,日本,草地,阪神,1600,12,1,2岁,牝马,资料补充：日本赛事原名,自动规范化待核对,
asahi-hai-fs,朝日杯フューチュリティステークス,朝日杯未来锦标,Asahi Hai Futurity Stakes,朝日杯FS,日语,G1,g1,日本,草地,阪神,1600,12,2,2岁,,资料补充：日本赛事原名,自动规范化待核对,
arima-kinen,有馬記念,有马纪念,Arima Kinen,有马纪念,日语,G1,g1,日本,草地,中山,2500,12,2,3岁以上,,资料补充：日本赛事原名,现有中文,
hopeful-stakes,ホープフルステークス,希望锦标,Hopeful Stakes,希望锦标,日语,G1,g1,日本,草地,中山,2000,12,2,2岁,,资料补充：日本赛事原名,现有中文,
tokyo-daishoten,東京大賞典,东京大赏典,Tokyo Daishoten,东京大赏典,日语,G1,g1,日本,泥地,其他地方,2000,12,2,3岁以上,,资料补充：日本赛事原名,现有中文,
kawasaki-kinen,川崎記念,川崎记念,Kawasaki Kinen,川崎记念,日语,JpnI,jpn1,日本,泥地,川崎,2100,4,1,4岁以上,,资料补充：日本赛事原名,现有中文,
haneda-hai,羽田盃,羽田杯,Haneda Hai,羽田杯,日语,JpnI,jpn1,日本,泥地,大井,1800,4,2,3岁,,资料补充：日本赛事原名,现有中文,
kashiwa-kinen,かしわ記念,柏记念,Kashiwa Kinen,柏记念,日语,JpnI,jpn1,日本,泥地,船桥,1600,5,1,4岁以上,,资料补充：日本赛事原名,现有中文,
tokyo-derby,東京ダービー,东京德比,Tokyo Derby,东京德比,日语,JpnI,jpn1,日本,泥地,大井,2000,6,1,3岁,,资料补充：日本赛事原名,现有中文,
sakitama-hai,さきたま杯,埼玉杯,Sakitama Hai,埼玉杯,日语,JpnI,jpn1,日本,泥地,浦和,1400,6,1,3岁以上,,资料补充：日本赛事原名,现有中文,
teio-sho,帝王賞,帝王赏,Teio Sho,帝王赏,日语,JpnI,jpn1,日本,泥地,大井,2000,6,2,4岁以上,,资料补充：日本赛事原名,现有中文,
japan-dirt-classic,ジャパンダートクラシック,日本泥地经典赛,Japan Dirt Classic,日本泥地经典赛,日语,JpnI,jpn1,日本,泥地,大井,2000,10,1,3岁,,资料补充：日本赛事原名,现有中文,
mile-championship-nambu-hai,マイルチャンピオンシップ南部杯,一哩冠军南部杯,Mile Championship Nambu Hai,一哩冠军南部杯,日语,JpnI,jpn1,日本,泥地,盛冈,1600,10,1,3岁以上,,资料补充：日本赛事原名,现有中文,
jbc-ladies-classic,JBCレディスクラシック,JBC雌马经典赛,JBC Ladies' Classic,JBC雌马经典赛,日语,JpnI,jpn1,日本,泥地,其他地方,1800,11,1,3岁以上,牝马,资料补充：日本赛事原名,自动生成待核对,
jbc-sprint,JBCスプリント,JBC短途赛,JBC Sprint,JBC短途赛,日语,JpnI,jpn1,日本,泥地,其他地方,1200,11,1,3岁以上,,资料补充：日本赛事原名,自动生成待核对,
jbc-classic,JBCクラシック,JBC经典赛,JBC Classic,JBC经典赛,日语,JpnI,jpn1,日本,泥地,其他地方,2000,11,1,3岁以上,,资料补充：日本赛事原名,自动生成待核对,
zen-nippon-nisai-yushun,全日本2歳優駿,全日本两岁优骏,Zen Nippon Nisai Yushun,全日本两岁优骏,日语,JpnI,jpn1,日本,泥地,川崎,1600,12,2,2岁,,资料补充：日本赛事原名,现有中文,
diolite-kinen,ダイオライト記念,迪奥莱特纪念,Diolite Kinen,ダイオライト记念,日语,JpnII,jpn2,日本,泥地,船桥,2400,3,1,4岁以上,,资料补充：日本赛事原名,自译待核对,
keihin-hai,京浜盃,京滨杯,Keihin Hai,京滨杯,日语,JpnII,jpn2,日本,泥地,大井,1700,3,2,3岁,,资料补充：日本赛事原名,现有中文,
hyogo-championship,兵庫チャンピオンシップ,兵库冠军锦标,Hyogo Championship,兵库冠军锦标,日语,JpnII,jpn2,日本,泥地,园田,1400,5,1,3岁,,资料补充：日本赛事原名,现有中文,
nagoya-grand-prix,名古屋グランプリ,名古屋大奖赛,Nagoya Grand Prix,名古屋大奖赛,日语,JpnII,jpn2,日本,泥地,名古屋,2100,5,1,4岁以上,,资料补充：日本赛事原名,现有中文,
empress-hai,エンプレス杯,雌马杯,Empress Hai,雌马杯,日语,JpnII,jpn2,日本,泥地,川崎,2100,5,2,4岁以上,牝马,资料补充：日本赛事原名,现有中文,
kanto-oaks,関東オークス,关东橡树大赛,Kanto Oaks,关东橡树大赛,日语,JpnII,jpn2,日本,泥地,川崎,2100,6,1,3岁,牝马,资料补充：日本赛事原名,现有中文,
furukata-award,不来方賞,不来方赏,Furukata Award,不来方赏,日语,JpnII,jpn2,日本,泥地,盛冈,2000,9,1,3岁,,资料补充：日本赛事原名,现有中文,
nippon-tv-hai,日本テレビ盃,日本电视杯,Nippon Tv Hai,日本电视杯,日语,JpnII,jpn2,日本,泥地,船桥,1800,10,1,3岁以上,,资料补充：日本赛事原名,现有中文,
ladies-prelude,レディスプレリュード,雌马预赛,Ladies Prelude,雌马预赛,日语,JpnII,jpn2,日本,泥地,大井,1800,10,1,3岁以上,牝马,资料补充：日本赛事原名,现有中文,
tokyo-hai,東京盃,东京杯,Tokyo Hai,东京杯,日语,JpnII,jpn2,日本,泥地,大井,1200,10,1,3岁以上,,资料补充：日本赛事原名,现有中文,
urawa-kinen,浦和記念,浦和记念,Urawa Kinen,浦和记念,日语,JpnII,jpn2,日本,泥地,浦和,2000,11,2,3岁以上,,资料补充：日本赛事原名,现有中文,
hyogo-junior-grand-prix,兵庫ジュニアグランプリ,兵库青年大奖赛,Hyogo Junior Grand Prix,兵库青年大奖赛,日语,JpnII,jpn2,日本,泥地,园田,1400,11,2,2岁,,资料补充：日本赛事原名,现有中文,
bluebird-cup,ブルーバードカップ,蓝鸟杯,Bluebird Cup,蓝鸟杯,日语,JpnIII,jpn3,日本,泥地,船桥,1800,1,2,3岁,,资料补充：日本赛事原名,现有中文,
queen-sho,クイーン賞,皇后赏,Queen Sho,皇后赏,日语,JpnIII,jpn3,日本,泥地,船桥,1800,2,1,4岁以上,牝马,资料补充：日本赛事原名,现有中文,
saga-kinen,佐賀記念,佐贺记念,Saga Kinen,佐贺记念,日语,JpnIII,jpn3,日本,泥地,佐贺,2000,2,1,4岁以上,,资料补充：日本赛事原名,现有中文,
kumotori-sho,雲取賞,云取赏,Kumotori Sho,云取赏,日语,JpnIII,jpn3,日本,泥地,大井,1800,2,2,3岁,,资料补充：日本赛事原名,现有中文,
iris-kinen,かきつばた記念,鸢尾花记念,Iris Kinen,鸢尾花记念,日语,JpnIII,jpn3,日本,泥地,名古屋,1500,2,2,4岁以上,,资料补充：日本赛事原名,现有中文,
kurofune-sho,黒船賞,黑船赏,Kurofune Sho,黑船赏,日语,JpnIII,jpn3,日本,泥地,高知,1400,3,2,4岁以上,,资料补充：日本赛事原名,现有中文,
hyogo-queen-cup,兵庫女王盃,兵库女王杯,Hyogo Queen Cup,兵库女王杯,日语,JpnIII,jpn3,日本,泥地,园田,1870,4,1,4岁以上,牝马,资料补充：日本赛事原名,现有中文,
tokyo-sprint,東京スプリント,东京短途赛,Tokyo Sprint,东京短途赛,日语,JpnIII,jpn3,日本,泥地,大井,1200,4,1,4岁以上,,资料补充：日本赛事原名,现有中文,
sparking-lady-cup,スパーキングレディーカップ,闪耀雌马杯,Sparking Lady Cup,闪耀雌马杯,日语,JpnIII,jpn3,日本,泥地,川崎,1600,7,1,3岁以上,牝马,资料补充：日本赛事原名,现有中文,
mercury-cup,マーキュリーカップ,水星杯,Mercury Cup,水星杯,日语,JpnIII,jpn3,日本,泥地,盛冈,2000,7,2,3岁以上,,资料补充：日本赛事原名,现有中文,
cluster-cup,クラスターカップ,星团杯,Cluster Cup,星团杯,日语,JpnIII,jpn3,日本,泥地,盛冈,1200,8,1,3岁以上,,资料补充：日本赛事原名,现有中文,
hokkaido-sprint-cup,北海道スプリントカップ,北海道短途杯,Hokkaido Sprint Cup,北海道短途杯,日语,JpnIII,jpn3,日本,泥地,门别,1200,8,2,3岁,,资料补充：日本赛事原名,现有中文,
breeders-gold-cup,ブリーダーズゴールドカップ,育马者金杯,Breeders Gold Cup,育马者金杯,日语,JpnIII,jpn3,日本,泥地,门别,2000,8,2,3岁以上,牝马,资料补充：日本赛事原名,现有中文,
summer-champion,サマーチャンピオン,夏季冠军赛,Summer Champion,夏季冠军赛,日语,JpnIII,jpn3,日本,泥地,佐贺,1400,8,2,3岁以上,,资料补充：日本赛事原名,现有中文,
oval-sprint,オーバルスプリント,椭圆短途赛,Oval Sprint,椭圆短途赛,日语,JpnIII,jpn3,日本,泥地,浦和,1400,9,2,3岁以上,,资料补充：日本赛事原名,现有中文,
hakusan-daishoten,白山大賞典,白山大赏典,Hakusan Daishoten,白山大赏典,日语,JpnIII,jpn3,日本,泥地,金泽,2100,9,2,3岁以上,,资料补充：日本赛事原名,现有中文,
marine-cup,マリーンカップ,海洋杯,Marine Cup,海洋杯,日语,JpnIII,jpn3,日本,泥地,船桥,1800,9,2,3岁,牝马,资料补充：日本赛事原名,现有中文,
edelweiss-sho,エーデルワイス賞,雪绒花赏,Edelweiss Sho,雪绒花赏,日语,JpnIII,jpn3,日本,泥地,门别,1200,10,2,2岁,牝马,资料补充：日本赛事原名,现有中文,
jbc-nisai-yushun,JBC2歳優駿,JBC两岁优骏,JBC Nisai Yushun,JBC两岁优骏,日语,JpnIII,jpn3,日本,泥地,门别,1800,11,1,2岁,,资料补充：日本赛事原名,自动生成待核对,
nagoya-daishoten,名古屋大賞典,名古屋大赏典,Nagoya Daishoten,名古屋大赏典,日语,JpnIII,jpn3,日本,泥地,名古屋,2000,12,2,3岁以上,,资料补充：日本赛事原名,现有中文,
hyogo-gold-trophy,兵庫ゴールドトロフィー,兵库金杯,Hyogo Gold Trophy,兵库金杯,日语,JpnIII,jpn3,日本,泥地,园田,1400,12,2,3岁以上,,资料补充：日本赛事原名,现有中文,
kentucky-derby,Kentucky Derby,肯塔基德比,Kentucky Derby,肯塔基德比,英语,G1,g1,美国,泥地,其他地方,2000,5,1,3岁,,地区规则：英语赛事用英文原名,现有中文,
preakness-stakes,Preakness Stakes,必利时锦标,Preakness Stakes,必利是锦标,英语,G1,g1,美国,泥地,其他地方,1900,5,2,3岁,,地区规则：英语赛事用英文原名,现有中文,
belmont-stakes,Belmont Stakes,贝蒙锦标,Belmont Stakes,贝蒙锦标,英语,G1,g1,美国,泥地,其他地方,2400,6,1,3岁,,地区规则：英语赛事用英文原名,现有中文,
pegasus-world-cup,Pegasus World Cup,飞马世界杯,Pegasus World Cup,飞马世界杯,英语,G1,g1,美国,泥地,其他地方,1800,1,2,4岁以上,,地区规则：英语赛事用英文原名,现有中文,
santa-anita-handicap,Santa Anita Handicap,圣雅尼塔让赛,Santa Anita Handicap,圣雅尼塔让赛,英语,G1,g1,美国,泥地,其他地方,2000,3,1,4岁以上,,地区规则：英语赛事用英文原名,现有中文,
apple-blossom-handicap,Apple Blossom Handicap,苹果花让赛,Apple Blossom Handicap,苹果花让赛,英语,G1,g1,美国,泥地,其他地方,1700,4,1,4岁以上,牝马,地区规则：英语赛事用英文原名,现有中文,
blue-grass-stakes,Blue Grass Stakes,蓝草锦标,Blue Grass Stakes,蓝草锦标,英语,G1,g1,美国,泥地,其他地方,1800,4,1,3岁,,地区规则：英语赛事用英文原名,现有中文,
kentucky-oaks,Kentucky Oaks,肯塔基橡树,Kentucky Oaks,肯塔基橡树,英语,G1,g1,美国,泥地,其他地方,1800,5,1,3岁,牝马,地区规则：英语赛事用英文原名,现有中文,
acorn-stakes,Acorn Stakes,橡果锦标,Acorn Stakes,橡果锦标,英语,G1,g1,美国,泥地,其他地方,1800,6,1,3岁,牝马,地区规则：英语赛事用英文原名,现有中文,
coaching-club-american-oaks,Coaching Club American Oaks,美国教练俱乐部橡树赛,Coaching Club American Oaks,Coaching Club美国橡树大赛,英语,G1,g1,美国,泥地,其他地方,1800,7,2,3岁,牝马,地区规则：英语赛事用英文原名,自译待核对,
metropolitan-handicap,Metropolitan Handicap,大都会让赛,Metropolitan Handicap,大都会让赛,英语,G1,g1,美国,泥地,其他地方,1600,6,1,3岁以上,,地区规则：英语赛事用英文原名,现有中文,
haskell-stakes,Haskell Stakes,哈斯凯尔锦标,Haskell Stakes,哈斯凯尔锦标,英语,G1,g1,美国,泥地,其他地方,1800,7,2,3岁,,地区规则：英语赛事用英文原名,现有中文,
travers-stakes,Travers Stakes,卓华斯锦标,Travers Stakes,卓华斯锦标,英语,G1,g1,美国,泥地,其他地方,2000,8,2,3岁,,地区规则：英语赛事用英文原名,现有中文,
pegasus-world-cup-turf,Pegasus World Cup Turf,飞马世界杯草地赛,Pegasus World Cup Turf,飞马世界杯草地赛,英语,G1,g1,美国,草地,其他地方,1800,1,2,4岁以上,,地区规则：英语赛事用英文原名,现有中文,
american-turf-stakes,American Turf Stakes,美国草地锦标,American Turf Stakes,美国草地锦标,英语,G1,g1,美国,草地,其他地方,1700,5,1,3岁,,地区规则：英语赛事用英文原名,现有中文,
turf-classic-stakes,Turf Classic Stakes,草地经典赛,Turf Classic Stakes,草地经典赛,英语,G1,g1,美国,草地,其他地方,1800,5,1,4岁以上,,地区规则：英语赛事用英文原名,现有中文,
manhattan-stakes,Manhattan Stakes,曼哈顿锦标,Manhattan Stakes,曼哈顿锦标,英语,G1,g1,美国,草地,其他地方,1900,6,1,4岁以上,,地区规则：英语赛事用英文原名,现有中文,
just-a-game-stakes,Just a Game Stakes,Just a Game锦标,Just a Game Stakes,Just a Game锦标,英语,G1,g1,美国,草地,其他地方,1600,6,1,4岁以上,牝马,地区规则：英语赛事用英文原名,自译待核对,
diana-stakes,Diana Stakes,戴安娜锦标,Diana Stakes,戴安娜锦标,英语,G1,g1,美国,草地,其他地方,1800,7,2,4岁以上,牝马,地区规则：英语赛事用英文原名,现有中文,
arlington-million,Arlington Million,阿灵顿百万大赛,Arlington Million,阿灵顿百万大赛,英语,G1,g1,美国,草地,其他地方,2000,8,1,3岁以上,,地区规则：英语赛事用英文原名,现有中文,
keeneland-turf-mile,Keeneland Turf Mile,基兰草地一哩,Keeneland Turf Mile,基兰草地一哩,英语,G1,g1,美国,草地,其他地方,1600,10,1,3岁以上,,地区规则：英语赛事用英文原名,现有中文,
jaipur-stakes,Jaipur Stakes,斋浦尔锦标,Jaipur Stakes,斋浦尔锦标,英语,G1,g1,美国,草地,其他地方,1200,6,1,3岁以上,,地区规则：英语赛事用英文原名,现有中文,
forego-stakes,Forego Stakes,领先锦标,Forego Stakes,福尔戈锦标,英语,G1,g1,美国,泥地,其他地方,1400,8,2,4岁以上,,地区规则：英语赛事用英文原名,现有中文,
h-allen-jerkens-memorial-stakes,H. Allen Jerkens Memorial Stakes,H. 艾伦·杰肯斯纪念锦标,H. Allen Jerkens Memorial Stakes,H. Allen Jerkens纪念锦标,英语,G1,g1,美国,泥地,其他地方,1400,8,2,3岁,,地区规则：英语赛事用英文原名,自译待核对,
prix-dispahan,Prix d'Ispahan,伊斯巴翰锦标,Prix Dispahan,伊斯巴翰锦标,法语,G1,g1,欧洲,草地,其他地方,1850,5,2,4岁以上,,资料补充：欧洲法/德语原名,现有中文,
prix-ganay,Prix Ganay,根利锦标,Prix Ganay,根利锦标,法语,G1,g1,欧洲,草地,其他地方,2100,4,2,4岁以上,,资料补充：欧洲法/德语原名,现有中文,
poule-dessai-des-poulains,Poule d'Essai des Poulains,法国二千坚尼,Poule d'Essai des Poulains,法国二千坚尼,法语,G1,g1,欧洲,草地,其他地方,1600,5,1,3岁,,资料补充：欧洲法/德语原名,现有中文,
poule-dessai-des-pouliches,Poule d'Essai des Pouliches,法国一千坚尼,Poule d'Essai des Pouliches,法国一千坚尼,法语,G1,g1,欧洲,草地,其他地方,1600,5,1,3岁,牝马,资料补充：欧洲法/德语原名,现有中文,
prix-vicomtesse-vigier,Prix Vicomtesse Vigier,维吉尔子爵夫人锦标,Prix Vicomtesse Vigier,维吉尔子爵夫人锦标,法语,G1,g1,欧洲,草地,其他地方,3100,5,2,4岁以上,,资料补充：欧洲法/德语原名,现有中文,
grand-prix-de-paris,Grand Prix de Paris,巴黎大赛,Grand Prix de Paris,巴黎大赛,法语,G1,g1,欧洲,草地,其他地方,2400,7,1,3岁,,资料补充：欧洲法/德语原名,现有中文,
prix-de-royallieu,Prix de Royallieu,鲁瓦耶锦标,Prix de Royallieu,鲁瓦耶锦标,法语,G1,g1,欧洲,草地,其他地方,2800,10,1,3岁以上,牝马,资料补充：欧洲法/德语原名,现有中文,
prix-du-cadran,Prix du Cadran,卡德兰大奖赛,Prix du Cadran,卡德兰大奖赛,法语,G1,g1,欧洲,草地,其他地方,4000,10,1,4岁以上,,资料补充：欧洲法/德语原名,现有中文,
prix-de-lopera,Prix de l'Opéra,歌剧大奖赛,Prix de l'Opera,歌剧大奖赛,法语,G1,g1,欧洲,草地,其他地方,2000,10,1,3岁以上,牝马,资料补充：欧洲法/德语原名,现有中文,
prix-royal-oak,Prix Royal-Oak,皇家橡树大赛,Prix Royal Oak,皇家橡树大赛,法语,G1,g1,欧洲,草地,其他地方,3100,10,2,3岁以上,,资料补充：欧洲法/德语原名,现有中文,
goodwood-cup,Goodwood Cup,古活杯,Goodwood Cup,古活杯,英语,G1,g1,欧洲,草地,其他地方,3219,7,2,3岁以上,,地区规则：英语赛事用英文原名,现有中文,
british-champions-long-distance-cup,British Champions Long Distance Cup,英国冠军长途杯,British Champions Long Distance Cup,英国冠军长途杯,英语,G1,g1,欧洲,草地,其他地方,3209,10,2,3岁以上,,地区规则：英语赛事用英文原名,现有中文,
falmouth-stakes,Falmouth Stakes,法尔茅斯锦标,Falmouth Stakes,法尔茅斯锦标,英语,G1,g1,欧洲,草地,其他地方,1600,7,1,3岁以上,牝马,地区规则：英语赛事用英文原名,现有中文,
nassau-stakes,Nassau Stakes,拿骚锦标,Nassau Stakes,拿骚锦标,英语,G1,g1,欧洲,草地,其他地方,1991,7,2,3岁以上,牝马,地区规则：英语赛事用英文原名,现有中文,
british-champions-fillies-mares-stakes,British Champions Fillies Mares Stakes,英国冠军雌马锦标,British Champions Fillies Mares Stakes,英国冠军雌马锦标,英语,G1,g1,欧洲,草地,其他地方,2400,10,2,3岁以上,牝马,地区规则：英语赛事用英文原名,现有中文,
champion-stakes,Champion Stakes,冠军锦标,Champion Stakes,冠军锦标,英语,G1,g1,欧洲,草地,其他地方,2004,10,2,3岁以上,,地区规则：英语赛事用英文原名,现有中文,
irish-two-thousand-guineas,Irish Two Thousand Guineas,爱尔兰二千坚尼,Irish Two Thousand Guineas,爱尔兰二千坚尼,英语,G1,g1,欧洲,草地,其他地方,1600,5,2,3岁,,地区规则：英语赛事用英文原名,现有中文,
irish-st-leger,Irish St Leger,爱尔兰圣烈治锦标,Irish St Leger,爱尔兰圣烈治锦标,英语,G1,g1,欧洲,草地,其他地方,2800,9,1,3岁以上,,地区规则：英语赛事用英文原名,现有中文,
deutsches-derby,Deutsches Derby,德国德比,Deutsches Derby,德国德比,德语,G1,g1,欧洲,草地,其他地方,2400,7,1,3岁,,资料补充：欧洲法/德语原名,现有中文,
grosser-preis-von-baden,Gro?er Preis von Baden,巴登大赛,Grosser Preis Von Baden,巴登大赛,德语,G1,g1,欧洲,草地,其他地方,2400,9,1,3岁以上,,资料补充：欧洲法/德语原名,现有中文,
prix-rothschild,Prix Rothschild,罗斯柴尔德大奖赛,Prix Rothschild,罗斯柴尔德大奖赛,法语,G1,g1,欧洲,草地,其他地方,1600,8,1,3岁以上,牝马,资料补充：欧洲法/德语原名,现有中文,
prix-du-moulin,Prix du Moulin,穆兰大赛,Prix du Moulin,穆兰大赛,法语,G1,g1,欧洲,草地,其他地方,1600,9,1,3岁以上,,资料补充：欧洲法/德语原名,现有中文,
prix-de-la-foret,Prix de la Forêt,森林大赛,Prix de La Foret,森林大赛,法语,G1,g1,欧洲,草地,其他地方,1400,10,1,3岁以上,,资料补充：欧洲法/德语原名,现有中文,
prix-marcel-boussac,Prix Marcel Boussac,马塞尔布萨克大赛,Prix Marcel Boussac,马塞尔布萨克大赛,法语,G1,g1,欧洲,草地,其他地方,1600,10,1,2岁,牝马,资料补充：欧洲法/德语原名,现有中文,
prix-morny,Prix Morny,莫尼大赛,Prix Morny,莫尼大赛,法语,G1,g1,欧洲,草地,其他地方,1200,8,2,2岁,,资料补充：欧洲法/德语原名,现有中文,
prix-maurice-de-gheest,Prix Maurice de Gheest,莫里斯德盖斯特大赛,Prix Maurice de Gheest,莫里斯德盖斯特大赛,法语,G1,g1,欧洲,草地,其他地方,1300,8,1,3岁以上,,资料补充：欧洲法/德语原名,现有中文,
prix-jean-luc-lagardere,Prix Jean-Luc Lagardère,让-吕克拉加代尔大奖赛,Prix Jean Luc Lagardere,让-吕克拉加代尔大奖赛,法语,G1,g1,欧洲,草地,其他地方,1400,10,1,2岁,,资料补充：欧洲法/德语原名,现有中文,
queen-elizabeth-ii-stakes,Queen Elizabeth II Stakes,伊丽莎白女王二世锦标,Queen Elizabeth II Stakes,伊丽莎白女王二世锦标,英语,G1,g1,欧洲,草地,其他地方,1600,10,2,3岁以上,,地区规则：英语赛事用英文原名,现有中文,
dewhurst-stakes,Dewhurst Stakes,杜赫斯特锦标,Dewhurst Stakes,杜赫斯特锦标,英语,G1,g1,欧洲,草地,其他地方,1400,10,1,2岁,,地区规则：英语赛事用英文原名,现有中文,
yorkshire-oaks,Yorkshire Oaks,约克郡橡树大赛,Yorkshire Oaks,约克郡橡树大赛,英语,G1,g1,欧洲,草地,其他地方,2400,8,2,3岁以上,牝马,地区规则：英语赛事用英文原名,现有中文,
futurity-trophy,Futurity Trophy,未来锦标,Futurity Trophy,未来锦标,英语,G1,g1,欧洲,草地,其他地方,1600,10,2,2岁,,地区规则：英语赛事用英文原名,现有中文,
middle-park-stakes,Middle Park Stakes,米德尔帕克锦标,Middle Park Stakes,米德尔帕克锦标,英语,G1,g1,欧洲,草地,其他地方,1200,9,2,2岁,,地区规则：英语赛事用英文原名,现有中文,
irish-oaks,Irish Oaks,爱尔兰橡树大赛,Irish Oaks,爱尔兰橡树大赛,英语,G1,g1,欧洲,草地,其他地方,2400,7,2,3岁,牝马,地区规则：英语赛事用英文原名,现有中文,
tattersalls-gold-cup,Tattersalls Gold Cup,塔特索尔斯金杯,Tattersalls Gold Cup,塔特索尔斯金杯,英语,G1,g1,欧洲,草地,其他地方,2100,5,2,4岁以上,,地区规则：英语赛事用英文原名,现有中文,
pretty-polly-stakes,Pretty Polly Stakes,美丽波莉锦标,Pretty Polly Stakes,美丽波莉锦标,英语,G1,g1,欧洲,草地,其他地方,2000,6,2,3岁以上,牝马,地区规则：英语赛事用英文原名,现有中文,
phoenix-stakes,Phoenix Stakes,凤凰锦标,Phoenix Stakes,凤凰锦标,英语,G1,g1,欧洲,草地,其他地方,1200,8,1,2岁,,地区规则：英语赛事用英文原名,现有中文,
flying-five-stakes,Flying Five Stakes,飞行五锦标,Flying Five Stakes,飞行五锦标,英语,G1,g1,欧洲,草地,其他地方,1000,9,1,3岁以上,,地区规则：英语赛事用英文原名,现有中文,
grosser-preis-von-berlin,Gro?er Preis von Berlin,柏林大赛,Grosser Preis Von Berlin,柏林大赛,德语,G1,g1,欧洲,草地,其他地方,2400,8,1,3岁以上,,资料补充：欧洲法/德语原名,现有中文,
preis-von-europa,Preis von Europa,欧洲大赛,Preis Von Europa,欧洲大赛,德语,G1,g1,欧洲,草地,其他地方,2400,9,2,3岁以上,,资料补充：欧洲法/德语原名,现有中文,
grosser-preis-von-bayern,Gro?er Preis von Bayern,巴伐利亚大赛,Grosser Preis Von Bayern,巴伐利亚大赛,德语,G1,g1,欧洲,草地,其他地方,2400,11,1,3岁以上,,资料补充：欧洲法/德语原名,现有中文,
two-thousand-guineas,2000 Guineas,二千坚尼,2000 Guineas,二千坚尼,英语,G1,g1,欧洲,草地,其他地方,1600,5,1,3岁,,地区规则：英语赛事用英文原名,现有中文,
one-thousand-guineas,1000 Guineas,一千坚尼,1000 Guineas,一千坚尼,英语,G1,g1,欧洲,草地,其他地方,1600,5,1,3岁,牝马,地区规则：英语赛事用英文原名,现有中文,
epsom-derby,Epsom Derby,叶森德比,Epsom Derby,叶森德比,英语,G1,g1,欧洲,草地,其他地方,2400,6,1,3岁,,地区规则：英语赛事用英文原名,现有中文,
epsom-oaks,Epsom Oaks,叶森橡树,Epsom Oaks,叶森橡树,英语,G1,g1,欧洲,草地,其他地方,2400,6,1,3岁,牝马,地区规则：英语赛事用英文原名,现有中文,
coronation-cup,Coronation Cup,加冕杯,Coronation Cup,加冕杯,英语,G1,g1,欧洲,草地,其他地方,2400,6,1,4岁以上,,地区规则：英语赛事用英文原名,现有中文,
st-leger-stakes,St Leger Stakes,圣烈治锦标,St Leger Stakes,圣烈治锦标,英语,G1,g1,欧洲,草地,其他地方,2900,9,1,3岁,,地区规则：英语赛事用英文原名,现有中文,
lockinge-stakes,Lockinge Stakes,洛金锦标,Lockinge Stakes,洛金锦标,英语,G1,g1,欧洲,草地,其他地方,1600,5,2,4岁以上,,地区规则：英语赛事用英文原名,现有中文,
prince-of-wales-stakes,Prince of Wales Stakes,威尔士亲王锦标,Prince of Wales Stakes,威尔士亲王锦标,英语,G1,g1,欧洲,草地,其他地方,2000,6,2,4岁以上,,地区规则：英语赛事用英文原名,现有中文,
queen-anne-stakes,Queen Anne Stakes,女王安妮锦标,Queen Anne Stakes,女王安妮锦标,英语,G1,g1,欧洲,草地,其他地方,1600,6,2,4岁以上,,地区规则：英语赛事用英文原名,现有中文,
st-jamess-palace-stakes,St James's Palace Stakes,圣詹姆斯皇宫锦标,St James's Palace Stakes,圣詹姆斯皇宫锦标,英语,G1,g1,欧洲,草地,其他地方,1600,6,2,3岁,,地区规则：英语赛事用英文原名,现有中文,
ascot-gold-cup,Ascot Gold Cup,雅士谷金杯,Ascot Gold Cup,雅士谷金杯,英语,G1,g1,欧洲,草地,其他地方,4000,6,2,4岁以上,,地区规则：英语赛事用英文原名,现有中文,
coronation-stakes,Coronation Stakes,加冕锦标,Coronation Stakes,加冕锦标,英语,G1,g1,欧洲,草地,其他地方,1600,6,2,3岁,牝马,地区规则：英语赛事用英文原名,现有中文,
eclipse-stakes,Eclipse Stakes,日蚀大赛,Eclipse Stakes,日蚀大赛,英语,G1,g1,欧洲,草地,其他地方,2000,7,1,3岁以上,,地区规则：英语赛事用英文原名,现有中文,
sussex-stakes,Sussex Stakes,萨塞克斯锦标,Sussex Stakes,萨塞克斯锦标,英语,G1,g1,欧洲,草地,其他地方,1600,7,2,3岁以上,,地区规则：英语赛事用英文原名,现有中文,
irish-derby,Irish Derby,爱尔兰德比,Irish Derby,爱尔兰德比,英语,G1,g1,欧洲,草地,其他地方,2400,6,2,3岁,,地区规则：英语赛事用英文原名,现有中文,
irish-champion-stakes,Irish Champion Stakes,爱尔兰冠军锦标,Irish Champion Stakes,爱尔兰冠军锦标,英语,G1,g1,欧洲,草地,其他地方,2000,9,1,3岁以上,,地区规则：英语赛事用英文原名,现有中文,
prix-du-jockey-club,Prix du Jockey Club,法国德比,Prix du Jockey Club,法国德比,法语,G1,g1,欧洲,草地,其他地方,2100,6,1,3岁,,资料补充：欧洲法/德语原名,现有中文,
prix-de-diane,Prix de Diane,法国橡树,Prix de Diane,法国橡树,法语,G1,g1,欧洲,草地,其他地方,2100,6,2,3岁,牝马,资料补充：欧洲法/德语原名,现有中文,
prix-vermeille,Prix Vermeille,红宝锦标,Prix Vermeille,红宝锦标,法语,G1,g1,欧洲,草地,其他地方,2400,9,1,3岁以上,牝马,资料补充：欧洲法/德语原名,现有中文,
king-george-vi-and-queen-elizabeth-stakes,King George VI and Queen Elizabeth Stakes,英皇锦标,King George VI and Queen Elizabeth Stakes,英皇锦标,英语,G1,g1,欧洲,草地,其他地方,2400,7,2,3岁以上,,地区规则：英语赛事用英文原名,现有中文,
grand-prix-de-saint-cloud,Grand Prix de Saint-Cloud,圣格卢大赛,Grand Prix de Saint Cloud,圣格卢大赛,法语,G1,g1,欧洲,草地,其他地方,2400,7,1,4岁以上,,资料补充：欧洲法/德语原名,现有中文,
international-stakes,International Stakes,国际锦标,International Stakes,国际锦标,英语,G1,g1,欧洲,草地,其他地方,2050,8,2,3岁以上,,地区规则：英语赛事用英文原名,现有中文,
prix-jacques-le-marois,Prix Jacques le Marois,杰克莫华大赛,Prix Jacques Le Marois,杰克莫华大赛,法语,G1,g1,欧洲,草地,其他地方,1600,8,1,3岁以上,,资料补充：欧洲法/德语原名,现有中文,
prix-de-larc,Prix de l'Arc de Triomphe,凯旋门赏,Prix de l'Arc de Triomphe,凯旋门赏,法语,G1,g1,欧洲,草地,其他地方,2400,10,1,3岁以上,,资料补充：欧洲法/德语原名,现有中文,
king-charles-iii-stakes,King Charles Iii Stakes,查理三世锦标,King Charles Iii Stakes,查理三世锦标,英语,G1,g1,欧洲,草地,其他地方,1000,6,2,3岁以上,,地区规则：英语赛事用英文原名,现有中文,
queen-elizabeth-ii-jubilee-stakes,Queen Elizabeth II Jubilee Stakes,女王伊丽莎白二世禧年锦标,Queen Elizabeth II Jubilee Stakes,女王伊丽莎白二世禧年锦标,英语,G1,g1,欧洲,草地,其他地方,1200,6,2,4岁以上,,地区规则：英语赛事用英文原名,现有中文,
commonwealth-cup,Commonwealth Cup,英联邦杯,Commonwealth Cup,英联邦杯,英语,G1,g1,欧洲,草地,其他地方,1200,6,2,3岁,,地区规则：英语赛事用英文原名,现有中文,
july-cup,July Cup,七月杯,July Cup,七月杯,英语,G1,g1,欧洲,草地,其他地方,1200,7,1,3岁以上,,地区规则：英语赛事用英文原名,现有中文,
nunthorpe-stakes,Nunthorpe Stakes,南索普锦标,Nunthorpe Stakes,南索普锦标,英语,G1,g1,欧洲,草地,其他地方,1000,8,2,2岁以上,,地区规则：英语赛事用英文原名,现有中文,
haydock-sprint-cup,Haydock Sprint Cup,海多克短途杯,Haydock Sprint Cup,海多克短途杯,英语,G1,g1,欧洲,草地,其他地方,1200,9,1,3岁以上,,地区规则：英语赛事用英文原名,现有中文,
prix-de-labbaye,Prix de l'Abbaye,阿贝耶大奖赛,Prix de l'Abbaye,阿贝耶大奖赛,法语,G1,g1,欧洲,草地,其他地方,1000,10,1,2岁以上,,资料补充：欧洲法/德语原名,现有中文,
british-champions-sprint-stakes,British Champions Sprint Stakes,英国冠军短途锦标,British Champions Sprint Stakes,英国冠军短途锦标,英语,G1,g1,欧洲,草地,其他地方,1200,10,2,3岁以上,,地区规则：英语赛事用英文原名,现有中文,
caulfield-cup,Caulfield Cup,考菲尔德杯,Caulfield Cup,考菲尔德杯,英语,G1,g1,澳洲,草地,其他地方,2400,10,2,3岁以上,,地区规则：英语赛事用英文原名,现有中文,
cox-plate,Cox Plate,觉士盾,Cox Plate,觉士盾,英语,G1,g1,澳洲,草地,其他地方,2040,10,2,3岁以上,,地区规则：英语赛事用英文原名,现有中文,
golden-slipper-stakes,Golden Slipper Stakes,金拖鞋大赛,Golden Slipper Stakes,金拖鞋大赛,英语,G1,g1,澳洲,草地,其他地方,1200,3,2,2岁,,地区规则：英语赛事用英文原名,现有中文,
doncaster-mile,Doncaster Mile,唐卡士打一哩赛,Doncaster Mile,唐卡士打一哩赛,英语,G1,g1,澳洲,草地,其他地方,1600,4,1,3岁以上,,地区规则：英语赛事用英文原名,现有中文,
queen-elizabeth-stakes-aus,Queen Elizabeth Stakes (Australia),女王伊丽莎白锦标,Queen Elizabeth Stakes (Australia),女王伊丽莎白锦标,英语,G1,g1,澳洲,草地,其他地方,2000,4,1,3岁以上,,地区规则：英语赛事用英文原名,现有中文,
victoria-derby,Victoria Derby,维多利亚德比,Victoria Derby,维多利亚德比,英语,G1,g1,澳洲,草地,其他地方,2500,11,1,3岁,,地区规则：英语赛事用英文原名,现有中文,
the-everest,the Everest,珠穆朗玛峰锦标,the Everest,珠穆朗玛峰锦标,英语,G1,g1,澳洲,草地,其他地方,1200,10,2,3岁以上,,地区规则：英语赛事用英文原名,现有中文,
tj-smith-stakes,T.J. Smith Stakes,T.J. 史密斯锦标,T.J. Smith Stakes,T.J. Smith锦标,英语,G1,g1,澳洲,草地,其他地方,1200,4,1,3岁以上,,地区规则：英语赛事用英文原名,自译待核对,
black-caviar-lightning,Black Caviar Lightning,黑鱼子闪电锦标,Black Caviar Lightning,黑鱼子闪电锦标,英语,G1,g1,澳洲,草地,其他地方,1000,2,1,3岁以上,,地区规则：英语赛事用英文原名,现有中文,
oakleigh-plate,Oakleigh Plate,奥克利盘,Oakleigh Plate,奥克利盘,英语,G1,g1,澳洲,草地,其他地方,1100,2,2,3岁以上,,地区规则：英语赛事用英文原名,现有中文,
newmarket-handicap,Newmarket Handicap,新市场让赛,Newmarket Handicap,新市场让赛,英语,G1,g1,澳洲,草地,其他地方,1200,3,1,3岁以上,,地区规则：英语赛事用英文原名,现有中文,
william-reid-stakes,William Reid Stakes,威廉里德锦标,William Reid Stakes,威廉里德锦标,英语,G1,g1,澳洲,草地,其他地方,1200,3,2,3岁以上,,地区规则：英语赛事用英文原名,现有中文,
robert-sangster-stakes,Robert Sangster Stakes,罗伯特桑斯特锦标,Robert Sangster Stakes,罗伯特桑斯特锦标,英语,G1,g1,澳洲,草地,其他地方,1200,4,2,2岁以上,牝马,地区规则：英语赛事用英文原名,现有中文,
the-goodwood,The Goodwood,古活锦标,The Goodwood,古活锦标,英语,G1,g1,澳洲,草地,其他地方,1200,5,1,3岁以上,,地区规则：英语赛事用英文原名,现有中文,
aj-moir-stakes,A.J. Moir Stakes,A.J. 莫伊尔锦标,A.J. Moir Stakes,A.J. Moir锦标,英语,G1,g1,澳洲,草地,其他地方,1000,9,2,3岁以上,,地区规则：英语赛事用英文原名,自译待核对,
manikato-stakes,Manikato Stakes,马尼卡托锦标,Manikato Stakes,马尼卡托锦标,英语,G1,g1,澳洲,草地,其他地方,1200,9,2,3岁以上,,地区规则：英语赛事用英文原名,现有中文,
breeders-cup-classic,Breeders Cup Classic,育马者杯经典赛,Breeders Cup Classic,育马者杯经典赛,英语,G1,g1,美国,泥地,其他地方,2000,11,1,3岁以上,,地区规则：英语赛事用英文原名,现有中文,
breeders-cup-distaff,Breeders Cup Distaff,育马者杯雌马大赛,Breeders Cup Distaff,育马者杯雌马大赛,英语,G1,g1,美国,泥地,其他地方,1800,11,1,3岁以上,牝马,地区规则：英语赛事用英文原名,现有中文,
breeders-cup-sprint,Breeders Cup Sprint,育马者杯短途大赛,Breeders Cup Sprint,育马者杯短途大赛,英语,G1,g1,美国,泥地,其他地方,1200,11,1,3岁以上,,地区规则：英语赛事用英文原名,现有中文,
breeders-cup-dirt-mile,Breeders Cup Dirt Mile,育马者杯泥地一哩,Breeders Cup Dirt Mile,育马者杯泥地一哩,英语,G1,g1,美国,泥地,其他地方,1600,11,1,3岁以上,,地区规则：英语赛事用英文原名,现有中文,
breeders-cup-turf,Breeders Cup Turf,育马者杯草地大赛,Breeders Cup Turf,育马者杯草地大赛,英语,G1,g1,美国,草地,其他地方,2400,11,1,3岁以上,,地区规则：英语赛事用英文原名,现有中文,
breeders-cup-mile,Breeders Cup Mile,育马者杯一哩大赛,Breeders Cup Mile,育马者杯一哩大赛,英语,G1,g1,美国,草地,其他地方,1600,11,1,3岁以上,,地区规则：英语赛事用英文原名,现有中文,
breeders-cup-turf-sprint,Breeders Cup Turf Sprint,育马者杯草地短途,Breeders Cup Turf Sprint,育马者杯草地短途,英语,G1,g1,美国,草地,其他地方,1000,11,1,3岁以上,,地区规则：英语赛事用英文原名,现有中文,
breeders-cup-filly-mare-turf,Breeders Cup Filly Mare Turf,育马者杯雌马草地大赛,Breeders Cup Filly Mare Turf,育马者杯雌马草地大赛,英语,G1,g1,美国,草地,其他地方,2000,11,1,3岁以上,牝马,地区规则：英语赛事用英文原名,现有中文,
breeders-cup-filly-mare-sprint,Breeders Cup Filly Mare Sprint,育马者杯雌马短途大赛,Breeders Cup Filly Mare Sprint,育马者杯雌马短途大赛,英语,G1,g1,美国,泥地,其他地方,1400,11,1,3岁以上,牝马,地区规则：英语赛事用英文原名,现有中文,
breeders-cup-juvenile,Breeders Cup Juvenile,育马者杯两岁大赛,Breeders Cup Juvenile,育马者杯两岁大赛,英语,G1,g1,美国,泥地,其他地方,1700,11,1,2岁,,地区规则：英语赛事用英文原名,现有中文,
breeders-cup-juvenile-fillies,Breeders Cup Juvenile Fillies,育马者杯两岁雌马大赛,Breeders Cup Juvenile Fillies,育马者杯两岁雌马大赛,英语,G1,g1,美国,泥地,其他地方,1700,11,1,2岁,牝马,地区规则：英语赛事用英文原名,现有中文,
breeders-cup-juvenile-turf,Breeders Cup Juvenile Turf,育马者杯两岁草地大赛,Breeders Cup Juvenile Turf,育马者杯两岁草地大赛,英语,G1,g1,美国,草地,其他地方,1600,11,1,2岁,,地区规则：英语赛事用英文原名,现有中文,
breeders-cup-juvenile-fillies-turf,Breeders Cup Juvenile Fillies Turf,育马者杯两岁雌马草地大赛,Breeders Cup Juvenile Fillies Turf,育马者杯两岁雌马草地大赛,英语,G1,g1,美国,草地,其他地方,1600,11,1,2岁,牝马,地区规则：英语赛事用英文原名,现有中文,
breeders-cup-juvenile-turf-sprint,Breeders Cup Juvenile Turf Sprint,育马者杯两岁草地短途,Breeders Cup Juvenile Turf Sprint,育马者杯两岁草地短途,英语,G1,g1,美国,草地,其他地方,1000,11,1,2岁,,地区规则：英语赛事用英文原名,现有中文,
melbourne-cup,Melbourne Cup,墨尔本杯,Melbourne Cup,墨尔本杯,英语,G1,g1,澳洲,草地,其他地方,3200,11,1,3岁以上,,地区规则：英语赛事用英文原名,现有中文,
dubai-world-cup,Dubai World Cup,迪拜世界杯,Dubai World Cup,迪拜世界杯,英语,G1,g1,中东,泥地,其他地方,2000,3,2,4岁以上,,地区规则：英语赛事用英文原名,现有中文,
dubai-sheema-classic,Dubai Sheema Classic,迪拜司马经典赛,Dubai Sheema Classic,迪拜司马经典赛,英语,G1,g1,中东,草地,其他地方,2400,3,2,4岁以上,,地区规则：英语赛事用英文原名,现有中文,
dubai-turf,Dubai Turf,迪拜草地大赛,Dubai Turf,迪拜草地大赛,英语,G1,g1,中东,草地,其他地方,1800,3,2,4岁以上,,地区规则：英语赛事用英文原名,现有中文,
dubai-golden-shaheen,Dubai Golden Shaheen,迪拜金莎轩锦标,Dubai Golden Shaheen,迪拜金莎轩锦标,英语,G1,g1,中东,泥地,其他地方,1200,3,2,3岁以上,,地区规则：英语赛事用英文原名,现有中文,
al-quoz-sprint,Al Quoz Sprint,阿乔斯短途锦标,Al Quoz Sprint,阿乔斯短途锦标,英语,G1,g1,中东,草地,其他地方,1200,3,2,3岁以上,,地区规则：英语赛事用英文原名,现有中文,
centenary-sprint-cup,百周年纪念短途杯,百周年纪念短途杯,Centenary Sprint Cup,百周年纪念短途杯,中文,G1,g1,香港,草地,其他地方,1200,1,2,3岁以上,,地区规则：香港赛事用中文原名,现有中文,
chairmans-sprint-prize,主席短途奖,主席短途奖,Chairmans Sprint Prize,主席短途奖,中文,G1,g1,香港,草地,其他地方,1200,4,2,3岁以上,,地区规则：香港赛事用中文原名,现有中文,
hong-kong-stewards-cup,董事杯,董事杯,Hong Kong Stewards Cup,董事杯,中文,G1,g1,香港,草地,其他地方,1600,1,2,3岁以上,,地区规则：香港赛事用中文原名,现有中文,
hong-kong-gold-cup,香港金杯,香港金杯,Hong Kong Gold Cup,香港金杯,中文,G1,g1,香港,草地,其他地方,2000,2,2,3岁以上,,地区规则：香港赛事用中文原名,现有中文,
queens-silver-jubilee-cup,女皇银禧纪念杯,女皇银禧纪念杯,Queens Silver Jubilee Cup,女皇银禧纪念杯,中文,G1,g1,香港,草地,其他地方,1400,2,2,3岁以上,,地区规则：香港赛事用中文原名,现有中文,
hong-kong-queen-elizabeth-ii-cup,女皇杯,女皇杯,Hong Kong Queen Elizabeth II Cup,女皇杯,中文,G1,g1,香港,草地,其他地方,2000,4,2,3岁以上,,地区规则：香港赛事用中文原名,现有中文,
champions-mile,冠军一哩赛,冠军一哩赛,Champions Mile,冠军一哩赛,中文,G1,g1,香港,草地,其他地方,1600,4,2,3岁以上,,地区规则：香港赛事用中文原名,现有中文,
champions-chater-cup,冠军暨遮打杯,冠军暨遮打杯,Champions Chater Cup,冠军暨遮打杯,中文,G1,g1,香港,草地,其他地方,2400,5,2,3岁以上,,地区规则：香港赛事用中文原名,现有中文,
hong-kong-sprint,香港短途锦标,香港短途锦标,Hong Kong Sprint,香港短途锦标,中文,G1,g1,香港,草地,其他地方,1200,12,1,3岁以上,,地区规则：香港赛事用中文原名,现有中文,
hong-kong-mile,香港一哩锦标,香港一哩锦标,Hong Kong Mile,香港一哩锦标,中文,G1,g1,香港,草地,其他地方,1600,12,1,3岁以上,,地区规则：香港赛事用中文原名,现有中文,
hong-kong-cup,香港杯,香港杯,Hong Kong Cup,香港杯,中文,G1,g1,香港,草地,其他地方,2000,12,1,3岁以上,,地区规则：香港赛事用中文原名,现有中文,
hong-kong-vase,香港瓶,香港瓶,Hong Kong Vase,香港瓶,中文,G1,g1,香港,草地,其他地方,2400,12,1,3岁以上,,地区规则：香港赛事用中文原名,现有中文,
